-- MySQL dump 10.13  Distrib 5.5.47, for debian-linux-gnu (x86_64)
--
-- Host: localhost    Database: cap
-- ------------------------------------------------------
-- Server version	5.5.47-0ubuntu0.14.04.1

/*!40101 SET @OLD_CHARACTER_SET_CLIENT=@@CHARACTER_SET_CLIENT */;
/*!40101 SET @OLD_CHARACTER_SET_RESULTS=@@CHARACTER_SET_RESULTS */;
/*!40101 SET @OLD_COLLATION_CONNECTION=@@COLLATION_CONNECTION */;
/*!40101 SET NAMES utf8 */;
/*!40103 SET @OLD_TIME_ZONE=@@TIME_ZONE */;
/*!40103 SET TIME_ZONE='+00:00' */;
/*!40014 SET @OLD_UNIQUE_CHECKS=@@UNIQUE_CHECKS, UNIQUE_CHECKS=0 */;
/*!40014 SET @OLD_FOREIGN_KEY_CHECKS=@@FOREIGN_KEY_CHECKS, FOREIGN_KEY_CHECKS=0 */;
/*!40101 SET @OLD_SQL_MODE=@@SQL_MODE, SQL_MODE='NO_AUTO_VALUE_ON_ZERO' */;
/*!40111 SET @OLD_SQL_NOTES=@@SQL_NOTES, SQL_NOTES=0 */;

--
-- Table structure for table `Authentication`
--

DROP TABLE IF EXISTS `Authentication`;
/*!40101 SET @saved_cs_client     = @@character_set_client */;
/*!40101 SET character_set_client = utf8 */;
CREATE TABLE `Authentication` (
  `password_hash` varchar(300) DEFAULT NULL,
  `salt` varchar(45) NOT NULL,
  `Email` varchar(50) NOT NULL DEFAULT '',
  PRIMARY KEY (`Email`),
  CONSTRAINT `Email_id` FOREIGN KEY (`Email`) REFERENCES `User` (`Email`) ON DELETE CASCADE
) ENGINE=InnoDB DEFAULT CHARSET=latin1;
/*!40101 SET character_set_client = @saved_cs_client */;

--
-- Dumping data for table `Authentication`
--

LOCK TABLES `Authentication` WRITE;
/*!40000 ALTER TABLE `Authentication` DISABLE KEYS */;
INSERT INTO `Authentication` VALUES ('$2y$10$F1v.NdboN0S2LXRZ1CXRDORNunkUHRkv2MUXFB1Uo3nboJTfC5.Ge','','123321@qqqq'),('4143eb72284a10b45231cd66c565a4892d43d697','a16297fdc1666f12dddce96a72e93c4555bb51e5','25@25.com'),('e2f8cefd398cb28edff759e4a69808befed3d59e','361d4cf343a428bb4e350283a3b049d36ff3f48c','88@88'),('c33db74b41e97efe0419ed09a00db5d6347027e6','307994c70587daf6470a7771dfe890503accb96b','aaaabc@163.com'),('501769e183afe1b23a3248bc8a434bdef18a0162','06b80244635442e50be62a6837d2e26a0e913632','abc@163.com'),('3780d3aeeacf8cb3dca6fa139c1d5d33317271a8','9cd51bebde937d2b12850676be40b8af7c745c62','cory@gmail.com'),('109a5a12f99ee3abb84bbe1680f618c0161922af','4faf81538b6ee3289bd997d274982cb1a2f0d9d7','dddd@d.CN'),('$2y$10$1xJ58syOBZ5b9T0ZZ5fKNu4KimAPG1Q3KJcybQjWmAbV4WIwzKwlG','','ee@e.com'),('c5f61828f9a23f5b183705a3fe7c6844f1e2cb38','12ab7f0f59937e08ed50cfdf6a9095f40c46ec62','ee@ee'),('$2y$10$Vq.qLz.bys4h8GdJTLi28O5rlz.4svbyzkiF6fH.CNdiXHsguFMUC','','ee@gg'),('534ffbb3c6280bbd4d440d5a33b0c482a7dc2ca9','a72d9b599001016b1d72dee242c7a19590840dcc','facss_receive@163.com'),('938965d5b799e96aa2a84a730dfcb306187b44cf','efa57d7340965f8aa5ece88b1fc1b304591423e2','fwjif@jigweio'),('d8c35d210ceaa6dc08a14b557718e57e149a259a','941552a27942ee84f7a012040055c0e0863f4463','iii@iii'),('2976e833e41ac00e723272b14e2f715015fdcc99','05d15bd3d093f067a28f3ba2bdf6a0a75015f738','james@gmail.com'),('3463bf1a29897fafe33fcc39214b4c830193eeae','10da36154aadc901c6220b0711c1d3166437a657','jimmy@gmail'),('6bb1c0502ef175418c5301e966c0e5851bad0b68','005a6705520b64523c6eb07208d2b1d42fd3b1e2','kacy@gmail.com'),('b3dc166daae19fa06fd8ff0771cf180c6e58f7c9','ca4ffab5c6a4d98e4cffeb18746b018e5d25e0d2','kortine@gmail.com'),('$2y$10$kw3CrjzOdflJMpbOjB/lpuTDZowoeGVB.ynxaCTdgsmmVoDwQkLo.','','liuqintai@gmail.com'),('18072ec4b68232c5d4a5316f2f1b4a70bfbe8d95','25c40228edc4694bf82d27ae968857a41348878a','mm@mm'),('db5851ce7784773a51f9177683c94ece63040e30','b6de5723b8a7cec0cec35e76bddd1529b667bb20','mmllmm@mm'),('aafcc134e7f89afd18791043c758e80db3ffec17','fd4889145154ce8346d194898d939a567cf0f119','mz@163.com'),('51c7a416ad2f36b13cbdf5ad02ecce53161b1f41','35caa62509f120d21a4db3b825e7453fda08b158','oo@oooo'),('e06e01dc0c2b6c8c1e48584ba151e1a6e982f0fe','d4d915d61d4518068a57426ac1cb8025c450ebf4','qltf8@mail.missouri.edu'),('ee40ad8b1e86fa88a8ef9afd9e17b6f0fcda663f','b2171b35d9770c552bd3d6b2fe474eb0baed71c2','qq@q'),('4c8be0e968aff75b5325dd2b0f92d5bcebd15dea','c1f1e63ae835fd61547fe4b9682d56f2b86fb1cd','qq@qq'),('73da5fb3e8e40c6e34627a993924c1ae3aa7f2aa','7387ca25eac0807ad1a5c7fade6c8a57404dafb9','qqq@com'),('b96a22fc363a8ea4324c5af295825d1faa56cccb','1a0f369e5dfa7b5f9c2c7860af60c4339573df37','qwe@com'),('9258ce1d5cb96d3b5d2bf3c820a7830b40026ed6','2dfdd817ca54ff977e28b61d520cea484138309e','rrrr@rr'),('8e0838dd21072f195d7623255980c3e0e43342af','dc002b4ba0de88adac5a13a79f8705e2a3c6de0f','sarah@163.com'),('c498c3bbdf796a9caabdd79237004e246ad03e49','7e5b72d5933430a030a7df15b7e10da14cb43550','taylorjohnmajor@gmail.com'),('b324dbe609676d7aca1984311d01d5756df84c96','bccc8b8f72cf5e548c1f5911dc1de0866bf4d472','tom@gmail'),('d999829ad741944025683a78151eabe18cbd0139','83402f4d2a4d7bbed1f8c9bf6e516b1c481e0a9a','ttt@com'),('4fc622e508252afced89fc4686c8e5a495664504','ba2574dcdc8fe299b8ee6931862cbf11eeba6c52','uu@uu'),('$2y$10$SOZN2hQvM66vUeOW5sC0demY0a9YzJG1j3GTZ2K20f6lQZaBjTkFi','','vv@v'),('$2y$10$R/DotnQDgVnZPZykaq3lNueiKF2MmmdREM68K2xX2uIBQBx4KbjKu','','xml@gmail.com'),('$2y$10$7eXs2BtYxI9Tc.Pi3dWme.hsYAceMIC.AdgP67SPXj4w3D25Iqc7.','','xwu3@cougars.ccis.edu'),('$2y$10$a8Jyw8wsNRPm6BShmI3OVeBT70RWNBb.90rP2Cb9Fmp0NZPxO3st.','','ys2k6@mail.missouri.edu'),('$2y$10$IT6KtFgJ4QseY8st/BjP4eipqjoMQr9AmTSGjFFz2pA0/ueFvRSZi','','yyyy@uuu'),('$2y$10$b7D/7r9x5wvFuR8IR1VU7.Nza170HWikEObaJyTtE2PvF/2ijY9Pm','','zcilok@gmail.com'),('f8981c5769b4d9a2494444a102693d8d69cf094c','de4fc04fd357989f242f9afea848859c629a76d7','zzz@zzz');
/*!40000 ALTER TABLE `Authentication` ENABLE KEYS */;
UNLOCK TABLES;

--
-- Table structure for table `Event`
--

DROP TABLE IF EXISTS `Event`;
/*!40101 SET @saved_cs_client     = @@character_set_client */;
/*!40101 SET character_set_client = utf8 */;
CREATE TABLE `Event` (
  `E_id` int(11) NOT NULL AUTO_INCREMENT,
  `Date` date DEFAULT NULL,
  `StartTime` time DEFAULT NULL,
  `TeamA` varchar(45) NOT NULL,
  `TeamB` varchar(45) NOT NULL,
  PRIMARY KEY (`E_id`)
) ENGINE=InnoDB AUTO_INCREMENT=15 DEFAULT CHARSET=latin1;
/*!40101 SET character_set_client = @saved_cs_client */;

--
-- Dumping data for table `Event`
--

LOCK TABLES `Event` WRITE;
/*!40000 ALTER TABLE `Event` DISABLE KEYS */;
INSERT INTO `Event` VALUES (1,'2016-09-03',NULL,'WEST VIRGINIA','MIZZOU'),(2,'2016-09-10',NULL,'MIZZOU','EASTERN MICHIGAN'),(3,'2016-09-17',NULL,'MIZZOU','GEORGIA'),(4,'2016-09-24',NULL,'MIZZOU','DELAWARE STATE'),(5,'2016-10-22',NULL,'MIZZOU','MIDDLE TENNESSEE'),(6,'2016-10-29',NULL,'MIZZOU','KENTUCKY'),(7,'2016-11-12',NULL,'MIZZOU','VANDERBILT'),(8,'2016-11-26',NULL,'MIZZOU','ARKANSAS'),(9,'2016-10-01',NULL,'LSU','MIZZOU'),(10,'2016-10-15',NULL,'FLORIDA','MIZZOU'),(11,'2016-11-05',NULL,'SOUTH CAROLINA','MIZZOU'),(12,'2016-11-19',NULL,'TENNESSEE','MIZZOU');
/*!40000 ALTER TABLE `Event` ENABLE KEYS */;
UNLOCK TABLES;

--
-- Table structure for table `Event_Buttons`
--

DROP TABLE IF EXISTS `Event_Buttons`;
/*!40101 SET @saved_cs_client     = @@character_set_client */;
/*!40101 SET character_set_client = utf8 */;
CREATE TABLE `Event_Buttons` (
  `B_id` int(11) NOT NULL AUTO_INCREMENT,
  `E_id` int(11) NOT NULL,
  `Date` date DEFAULT NULL,
  `StartTime` time DEFAULT NULL,
  `TeamA` varchar(45) NOT NULL,
  `TeamB` varchar(45) NOT NULL,
  `PKLot_id` int(11) DEFAULT NULL,
  `Button_Code` varchar(2000) DEFAULT NULL,
  `price` float DEFAULT NULL,
  PRIMARY KEY (`B_id`),
  KEY `PKLot_id` (`PKLot_id`),
  CONSTRAINT `Event_Buttons_ibfk_1` FOREIGN KEY (`PKLot_id`) REFERENCES `PKLot` (`P_id`) ON DELETE CASCADE
) ENGINE=InnoDB AUTO_INCREMENT=21 DEFAULT CHARSET=latin1;
/*!40101 SET character_set_client = @saved_cs_client */;

--
-- Dumping data for table `Event_Buttons`
--

LOCK TABLES `Event_Buttons` WRITE;
/*!40000 ALTER TABLE `Event_Buttons` DISABLE KEYS */;
INSERT INTO `Event_Buttons` VALUES (3,2,'2016-09-10',NULL,'MIZZOU','EASTERN MICHIGAN',1,'<form class=\"paypal_form\" action=\"https://www.paypal.com/cgi-bin/webscr\" method=\"post\" target=\"_top\">\n<input type=\"hidden\" name=\"cmd\" value=\"_s-xclick\">\n<input type=\"hidden\" name=\"hosted_button_id\" value=\"RYJPPBH7JD9T2\">\n<input name=\"custom\" value=\"aaaaa@aaaaa.gmae\" type=\"hidden\">\n<input type=\"image\" src=\"https://www.paypalobjects.com/en_US/i/btn/btn_buynowCC_LG.gif\" border=\"0\" name=\"submit\" alt=\"PayPal - The safer, easier way to pay online!\">\n<img alt=\"\" border=\"0\" src=\"https://www.paypalobjects.com/en_US/i/scr/pixel.gif\" width=\"1\" height=\"1\">\n</form>',0.01),(4,2,'2016-09-10',NULL,'MIZZOU','EASTERN MICHIGAN',2,'<form class=\"paypal_form\" action=\"https://www.paypal.com/cgi-bin/webscr\" method=\"post\" target=\"_top\">\n<input type=\"hidden\" name=\"cmd\" value=\"_s-xclick\">\n<input type=\"hidden\" name=\"hosted_button_id\" value=\"WL75FAZ72SJUL\">\n<input name=\"custom\" value=\"aaaaa@aaaaa.gmae\" type=\"hidden\">\n<input type=\"image\" src=\"https://www.paypalobjects.com/en_US/i/btn/btn_buynowCC_LG.gif\" border=\"0\" name=\"submit\" alt=\"PayPal - The safer, easier way to pay online!\">\n<img alt=\"\" border=\"0\" src=\"https://www.paypalobjects.com/en_US/i/scr/pixel.gif\" width=\"1\" height=\"1\">\n</form>\n',0.01),(5,3,'2016-09-17',NULL,'MIZZOU','GEORGIA',1,'<form class=\"paypal_form\" action=\"https://www.paypal.com/cgi-bin/webscr\" method=\"post\" target=\"_top\">\n<input type=\"hidden\" name=\"cmd\" value=\"_s-xclick\">\n<input type=\"hidden\" name=\"hosted_button_id\" value=\"VH3UDBJA6WXDL\">\n<input name=\"custom\" value=\"aaaaa@aaaaa.gmae\" type=\"hidden\">\n<input type=\"image\" src=\"https://www.paypalobjects.com/en_US/i/btn/btn_buynowCC_LG.gif\" border=\"0\" name=\"submit\" alt=\"PayPal - The safer, easier way to pay online!\">\n<img alt=\"\" border=\"0\" src=\"https://www.paypalobjects.com/en_US/i/scr/pixel.gif\" width=\"1\" height=\"1\">\n</form>\n',0.01),(6,3,'2016-09-17',NULL,'MIZZOU','GEORGIA',2,'<form class=\"paypal_form\" action=\"https://www.paypal.com/cgi-bin/webscr\" method=\"post\" target=\"_top\">\n<input type=\"hidden\" name=\"cmd\" value=\"_s-xclick\">\n<input type=\"hidden\" name=\"hosted_button_id\" value=\"6NLA72PNBUQJ4\">\n<input name=\"custom\" value=\"aaaaa@aaaaa.gmae\" type=\"hidden\">\n<input type=\"image\" src=\"https://www.paypalobjects.com/en_US/i/btn/btn_buynowCC_LG.gif\" border=\"0\" name=\"submit\" alt=\"PayPal - The safer, easier way to pay online!\">\n<img alt=\"\" border=\"0\" src=\"https://www.paypalobjects.com/en_US/i/scr/pixel.gif\" width=\"1\" height=\"1\">\n</form>\n',0.01),(7,4,'2016-09-24',NULL,'MIZZOU','DELAWARE',1,'<form class=\"paypal_form\" action=\"https://www.paypal.com/cgi-bin/webscr\" method=\"post\" target=\"_top\">\n<input type=\"hidden\" name=\"cmd\" value=\"_s-xclick\">\n<input type=\"hidden\" name=\"hosted_button_id\" value=\"CTU84MRRFESM2\">\n<input name=\"custom\" value=\"aaaaa@aaaaa.gmae\" type=\"hidden\">\n<input type=\"image\" src=\"https://www.paypalobjects.com/en_US/i/btn/btn_buynowCC_LG.gif\" border=\"0\" name=\"submit\" alt=\"PayPal - The safer, easier way to pay online!\">\n<img alt=\"\" border=\"0\" src=\"https://www.paypalobjects.com/en_US/i/scr/pixel.gif\" width=\"1\" height=\"1\">\n</form>',0.01),(8,4,'2016-09-24',NULL,'MIZZOU','DELAWARE',2,'<form class=\"paypal_form\" action=\"https://www.paypal.com/cgi-bin/webscr\" method=\"post\" target=\"_top\">\n<input type=\"hidden\" name=\"cmd\" value=\"_s-xclick\">\n<input type=\"hidden\" name=\"hosted_button_id\" value=\"PA68XF6LLBKRN\">\n<input name=\"custom\" value=\"aaaaa@aaaaa.gmae\" type=\"hidden\">\n<input type=\"image\" src=\"https://www.paypalobjects.com/en_US/i/btn/btn_buynowCC_LG.gif\" border=\"0\" name=\"submit\" alt=\"PayPal - The safer, easier way to pay online!\">\n<img alt=\"\" border=\"0\" src=\"https://www.paypalobjects.com/en_US/i/scr/pixel.gif\" width=\"1\" height=\"1\">\n</form>',0.01),(9,5,'2016-10-22',NULL,'MIZZOU','MIDDLE TENNESSEE',1,'<form class=\"paypal_form\" action=\"https://www.paypal.com/cgi-bin/webscr\" method=\"post\" target=\"_top\">\n<input type=\"hidden\" name=\"cmd\" value=\"_s-xclick\">\n<input type=\"hidden\" name=\"hosted_button_id\" value=\"YF678Z976T5YN\">\n<input name=\"custom\" value=\"aaaaa@aaaaa.gmae\" type=\"hidden\">\n<input type=\"image\" src=\"https://www.paypalobjects.com/en_US/i/btn/btn_buynowCC_LG.gif\" border=\"0\" name=\"submit\" alt=\"PayPal - The safer, easier way to pay online!\">\n<img alt=\"\" border=\"0\" src=\"https://www.paypalobjects.com/en_US/i/scr/pixel.gif\" width=\"1\" height=\"1\">\n</form>',0.01),(10,5,'2016-10-22',NULL,'MIZZOU','MIDDLE TENNESSEE',2,'<form class=\"paypal_form\" action=\"https://www.paypal.com/cgi-bin/webscr\" method=\"post\" target=\"_top\">\n<input type=\"hidden\" name=\"cmd\" value=\"_s-xclick\">\n<input type=\"hidden\" name=\"hosted_button_id\" value=\"JKRMJ4WKMFM8A\">\n<input name=\"custom\" value=\"aaaaa@aaaaa.gmae\" type=\"hidden\">\n<input type=\"image\" src=\"https://www.paypalobjects.com/en_US/i/btn/btn_buynowCC_LG.gif\" border=\"0\" name=\"submit\" alt=\"PayPal - The safer, easier way to pay online!\">\n<img alt=\"\" border=\"0\" src=\"https://www.paypalobjects.com/en_US/i/scr/pixel.gif\" width=\"1\" height=\"1\">\n</form>',0.01),(11,6,'2016-10-29',NULL,'MIZZOU','KENTUCKY',1,'<form class=\"paypal_form\" action=\"https://www.paypal.com/cgi-bin/webscr\" method=\"post\" target=\"_top\">\n<input type=\"hidden\" name=\"cmd\" value=\"_s-xclick\">\n<input type=\"hidden\" name=\"hosted_button_id\" value=\"B99N9WDXQ8778\">\n<input name=\"custom\" value=\"aaaaa@aaaaa.gmae\" type=\"hidden\">\n<input type=\"image\" src=\"https://www.paypalobjects.com/en_US/i/btn/btn_buynowCC_LG.gif\" border=\"0\" name=\"submit\" alt=\"PayPal - The safer, easier way to pay online!\">\n<img alt=\"\" border=\"0\" src=\"https://www.paypalobjects.com/en_US/i/scr/pixel.gif\" width=\"1\" height=\"1\">\n</form>',0.01),(12,6,'2016-10-29',NULL,'MIZZOU','KENTUCKY',2,'<form class=\"paypal_form\" action=\"https://www.paypal.com/cgi-bin/webscr\" method=\"post\" target=\"_top\">\n<input type=\"hidden\" name=\"cmd\" value=\"_s-xclick\">\n<input type=\"hidden\" name=\"hosted_button_id\" value=\"3PHGCA8Y8TBMW\">\n<input name=\"custom\" value=\"aaaaa@aaaaa.gmae\" type=\"hidden\">\n<input type=\"image\" src=\"https://www.paypalobjects.com/en_US/i/btn/btn_buynowCC_LG.gif\" border=\"0\" name=\"submit\" alt=\"PayPal - The safer, easier way to pay online!\">\n<img alt=\"\" border=\"0\" src=\"https://www.paypalobjects.com/en_US/i/scr/pixel.gif\" width=\"1\" height=\"1\">\n</form>',0.01),(13,7,'2016-11-12',NULL,'MIZZOU','VANDERBILT',1,'<form class=\"paypal_form\" action=\"https://www.paypal.com/cgi-bin/webscr\" method=\"post\" target=\"_top\">\n<input type=\"hidden\" name=\"cmd\" value=\"_s-xclick\">\n<input type=\"hidden\" name=\"hosted_button_id\" value=\"P5WGSSFBA54H4\">\n<input name=\"custom\" value=\"aaaaa@aaaaa.gmae\" type=\"hidden\">\n<input type=\"image\" src=\"https://www.paypalobjects.com/en_US/i/btn/btn_buynowCC_LG.gif\" border=\"0\" name=\"submit\" alt=\"PayPal - The safer, easier way to pay online!\">\n<img alt=\"\" border=\"0\" src=\"https://www.paypalobjects.com/en_US/i/scr/pixel.gif\" width=\"1\" height=\"1\">\n</form>',0.01),(14,7,'2016-11-12',NULL,'MIZZOU','VANDERBILT',2,'<form class=\"paypal_form\" action=\"https://www.paypal.com/cgi-bin/webscr\" method=\"post\" target=\"_top\">\n<input type=\"hidden\" name=\"cmd\" value=\"_s-xclick\">\n<input type=\"hidden\" name=\"hosted_button_id\" value=\"HVQMX9KWWM236\">\n<input name=\"custom\" value=\"aaaaa@aaaaa.gmae\" type=\"hidden\">\n<input type=\"image\" src=\"https://www.paypalobjects.com/en_US/i/btn/btn_buynowCC_LG.gif\" border=\"0\" name=\"submit\" alt=\"PayPal - The safer, easier way to pay online!\">\n<img alt=\"\" border=\"0\" src=\"https://www.paypalobjects.com/en_US/i/scr/pixel.gif\" width=\"1\" height=\"1\">\n</form>',0.01),(15,8,'2016-11-26',NULL,'MIZZOU','ARKANSAS',1,'<form class=\"paypal_form\" action=\"https://www.paypal.com/cgi-bin/webscr\" method=\"post\" target=\"_top\">\n<input type=\"hidden\" name=\"cmd\" value=\"_s-xclick\">\n<input type=\"hidden\" name=\"hosted_button_id\" value=\"ESF7Q4N6N9THY\">\n<input name=\"custom\" value=\"aaaaa@aaaaa.gmae\" type=\"hidden\">\n<input type=\"image\" src=\"https://www.paypalobjects.com/en_US/i/btn/btn_buynowCC_LG.gif\" border=\"0\" name=\"submit\" alt=\"PayPal - The safer, easier way to pay online!\">\n<img alt=\"\" border=\"0\" src=\"https://www.paypalobjects.com/en_US/i/scr/pixel.gif\" width=\"1\" height=\"1\">\n</form>',0.01),(16,8,'2016-11-26',NULL,'MIZZOU','ARKANSAS',2,'<form class=\"paypal_form\" action=\"https://www.paypal.com/cgi-bin/webscr\" method=\"post\" target=\"_top\">\n<input type=\"hidden\" name=\"cmd\" value=\"_s-xclick\">\n<input type=\"hidden\" name=\"hosted_button_id\" value=\"GX986Z2HLGF9Q\">\n<input name=\"custom\" value=\"aaaaa@aaaaa.gmae\" type=\"hidden\">\n<input type=\"image\" src=\"https://www.paypalobjects.com/en_US/i/btn/btn_buynowCC_LG.gif\" border=\"0\" name=\"submit\" alt=\"PayPal - The safer, easier way to pay online!\">\n<img alt=\"\" border=\"0\" src=\"https://www.paypalobjects.com/en_US/i/scr/pixel.gif\" width=\"1\" height=\"1\">\n</form>',0.01);
/*!40000 ALTER TABLE `Event_Buttons` ENABLE KEYS */;
UNLOCK TABLES;

--
-- Table structure for table `PKLot`
--

DROP TABLE IF EXISTS `PKLot`;
/*!40101 SET @saved_cs_client     = @@character_set_client */;
/*!40101 SET character_set_client = utf8 */;
CREATE TABLE `PKLot` (
  `P_id` int(11) NOT NULL AUTO_INCREMENT,
  `Name` varchar(45) NOT NULL,
  `TotalNum` int(11) DEFAULT NULL,
  `Occupied` int(11) DEFAULT NULL,
  `address` varchar(300) DEFAULT NULL,
  PRIMARY KEY (`P_id`)
) ENGINE=InnoDB AUTO_INCREMENT=6 DEFAULT CHARSET=latin1;
/*!40101 SET character_set_client = @saved_cs_client */;

--
-- Dumping data for table `PKLot`
--

LOCK TABLES `PKLot` WRITE;
/*!40000 ALTER TABLE `PKLot` DISABLE KEYS */;
INSERT INTO `PKLot` VALUES (1,'PK_1',20,0,'Faurot Field at Memorial Stadium, Columbia, MO 65203'),(2,'PK_2',20,0,'Faurot Field at Memorial Stadium, Columbia, MO 65203');
/*!40000 ALTER TABLE `PKLot` ENABLE KEYS */;
UNLOCK TABLES;

--
-- Table structure for table `Reservation`
--

DROP TABLE IF EXISTS `Reservation`;
/*!40101 SET @saved_cs_client     = @@character_set_client */;
/*!40101 SET character_set_client = utf8 */;
CREATE TABLE `Reservation` (
  `Order_Num` varchar(128) NOT NULL DEFAULT '',
  `Order_Date` varchar(128) DEFAULT NULL,
  `User_Email` varchar(128) DEFAULT NULL,
  `Button_id` int(11) NOT NULL,
  `Status` varchar(11) DEFAULT NULL,
  `Times` int(11) DEFAULT '1',
  PRIMARY KEY (`Order_Num`),
  KEY `User_Email` (`User_Email`),
  KEY `Button_id` (`Button_id`)
) ENGINE=InnoDB DEFAULT CHARSET=latin1;
/*!40101 SET character_set_client = @saved_cs_client */;

--
-- Dumping data for table `Reservation`
--

LOCK TABLES `Reservation` WRITE;
/*!40000 ALTER TABLE `Reservation` DISABLE KEYS */;
INSERT INTO `Reservation` VALUES ('0LW92155C7814003L','2016-04-26 01:43:57','liuqintai@gmail.com',5,'Completed',0),('17S238491K2560133','2016-04-27 09:11:16','liuqintai@gmail.com',5,'Completed',1),('1KJ465806H252070H','2016-04-26 00:35:53','liuqintai@gmail.com',11,'Completed',1),('1TF56947X1866223L','2016-04-27 09:19:56','liuqintai@gmail.com',3,'Completed',1),('1TX19238V75750103','2016-04-28 10:19:32','liuqintai@gmail.com',3,'Completed',0),('1VU08763FP168634J','2016-04-27 09:39:41','xwu3@cougars.ccis.edu',9,'Completed',1),('29N74682DL9898246','2016-04-27 09:14:50','liuqintai@gmail.com',6,'Completed',1),('2AB45167YY024922W','2016-04-27 09:14:23','liuqintai@gmail.com',3,'Completed',1),('38843114LB464891K','2016-04-26 00:03:21','liuqintai@gmail.com',3,'Completed',1),('3NY79646NN1796409','2016-04-26 00:40:32','liuqintai@gmail.com',11,'Completed',0),('3RU92997B2201441A','2016-04-27 09:18:27','liuqintai@gmail.com',6,'Completed',1),('4G294244YX072132H','2016-04-26 01:42:29','xwu3@cougars.ccis.edu',15,'Completed',1),('83C89712CW650530W','2016-04-26 01:48:24','xwu3@cougars.ccis.edu',6,'Completed',0),('8HP851384D842484E','2016-04-27 10:20:59','liuqintai@gmail.com',4,'Completed',0),('8V6176075C898835C','2016-04-26 00:01:11','liuqintai@gmail.com',3,'Completed',1),('9AL76964S8268984T','2016-04-27 09:10:57','liuqintai@gmail.com',3,'Completed',1);
/*!40000 ALTER TABLE `Reservation` ENABLE KEYS */;
UNLOCK TABLES;

--
-- Table structure for table `Reservation1`
--

DROP TABLE IF EXISTS `Reservation1`;
/*!40101 SET @saved_cs_client     = @@character_set_client */;
/*!40101 SET character_set_client = utf8 */;
CREATE TABLE `Reservation1` (
  `Order_Num` varchar(10) NOT NULL,
  `Order_Date` datetime DEFAULT '0000-00-00 00:00:00',
  `User_Email` varchar(50) DEFAULT NULL,
  `PKLot_id` int(11) NOT NULL,
  `Event_id` int(11) NOT NULL,
  `Order_Status` varchar(15) DEFAULT NULL,
  PRIMARY KEY (`Order_Num`),
  KEY `User_Email` (`User_Email`),
  KEY `PKLot_id` (`PKLot_id`),
  KEY `Event_id` (`Event_id`),
  CONSTRAINT `Reservation1_ibfk_1` FOREIGN KEY (`User_Email`) REFERENCES `User` (`Email`) ON DELETE CASCADE,
  CONSTRAINT `Reservation1_ibfk_2` FOREIGN KEY (`PKLot_id`) REFERENCES `PKLot` (`P_id`) ON UPDATE CASCADE,
  CONSTRAINT `Reservation1_ibfk_3` FOREIGN KEY (`Event_id`) REFERENCES `Event` (`E_id`) ON UPDATE CASCADE
) ENGINE=InnoDB DEFAULT CHARSET=latin1;
/*!40101 SET character_set_client = @saved_cs_client */;

--
-- Dumping data for table `Reservation1`
--

LOCK TABLES `Reservation1` WRITE;
/*!40000 ALTER TABLE `Reservation1` DISABLE KEYS */;
INSERT INTO `Reservation1` VALUES ('100000','2016-04-08 15:00:00','cory@gmail.com',1,1,'Finished'),('100001','2016-04-07 10:00:00','sarah@163.com',1,2,NULL),('100002','0000-00-00 00:00:00','cory@gmail.com',2,4,'Pending'),('100010','2016-04-10 19:00:00','jimmy@gmail',2,2,NULL),('100015','2016-04-13 14:30:00','cory@gmail.com',2,5,'Processing');
/*!40000 ALTER TABLE `Reservation1` ENABLE KEYS */;
UNLOCK TABLES;

--
-- Table structure for table `User`
--

DROP TABLE IF EXISTS `User`;
/*!40101 SET @saved_cs_client     = @@character_set_client */;
/*!40101 SET character_set_client = utf8 */;
CREATE TABLE `User` (
  `FirstName` varchar(30) NOT NULL,
  `LastName` varchar(30) NOT NULL,
  `Email` varchar(50) NOT NULL,
  `Phone_Num` varchar(15) DEFAULT NULL,
  PRIMARY KEY (`Email`)
) ENGINE=InnoDB DEFAULT CHARSET=latin1;
/*!40101 SET character_set_client = @saved_cs_client */;

--
-- Dumping data for table `User`
--

LOCK TABLES `User` WRITE;
/*!40000 ALTER TABLE `User` DISABLE KEYS */;
INSERT INTO `User` VALUES ('lmx','M','123321@qqqq','1112223333'),('yzw','nic@fweji','25@25.com','5738185668'),('llll','ll','88@88','2147483647'),('abc','abc','aaaabc@163.com',NULL),('Yan','W','abc@163.com',NULL),('Cory','Z','cory@gmail.com','5730009999'),('sabi','Xu','dddd@d.CN',NULL),('eeee','ee','ee@e.com','222222'),('eee','ee','ee@ee',NULL),('tt','yy','ee@gg','4444444'),('YAN','W','facss_receive@163.com','123456'),('sssss','Xu','fwjif@jigweio',NULL),('iii','iii','iii@iii',NULL),('James','Park','james@gmail.com','2147483647'),('Jimmy','J','jimmy@163.com','0'),('Jimmy','J','jimmy@63.com','1100004569'),('Jimmy','J','jimmy@gmail','2147483647'),('Kacy','kk','kacy@gmail.com','1122333333'),('Kortine','Lee','kortine@gmail.com','2147483647'),('Qintai','Liu','liuqintai@gmail.com','123456'),('mmm','momom','mm@mm','2147483647'),('mmmm','mmmm','mmllmm@mm',NULL),('Mike','Z','mz@163.com',NULL),('ooo','oooo','oo@oooo','2147483647'),('Qintai','Liu','qltf8@mail.missouri.edu','123456'),('q','qq','qq@q',NULL),('qqqqqqq','qqqqqqq','qq@qq','2147483647'),('qqqq','qqqq','qqq@com',NULL),('Yi','S','qwe@com','5736669999'),('rr','rr','rrrr@rr',NULL),('Sarah','Lee','sarah@163.com',NULL),('Taylor','Majro','taylorjohnmajor@gmail.com','3125369026'),('Tom','Q','tom@gmail',NULL),('ttt','ttt','ttt@com',NULL),('uuu','u','uu@uu',NULL),('vvv','vv','vv@v','1233211111'),('wwwww','www','ww@dj','999999994'),('wwwww','www','ww@ew','2147483647'),('wwwww','www','ww@ppppp','1234567890'),('wwwww','www','ww@ww','2147483647'),('Peter','W','xml@gmail.com','5738888899'),('Yan','W','xwu3@cougars.ccis.edu','5738180000'),('Yihua','Shi','ys2k6@mail.missouri.edu','1234567890'),('tyty','ytyty','yyyy@uuu','5656566666'),('ccc','zzz','zcilok@gmail.com','5732896355'),('zzzzzzz','zzzzzzz','zzz@zzz','2147483647');
/*!40000 ALTER TABLE `User` ENABLE KEYS */;
UNLOCK TABLES;
/*!40103 SET TIME_ZONE=@OLD_TIME_ZONE */;

/*!40101 SET SQL_MODE=@OLD_SQL_MODE */;
/*!40014 SET FOREIGN_KEY_CHECKS=@OLD_FOREIGN_KEY_CHECKS */;
/*!40014 SET UNIQUE_CHECKS=@OLD_UNIQUE_CHECKS */;
/*!40101 SET CHARACTER_SET_CLIENT=@OLD_CHARACTER_SET_CLIENT */;
/*!40101 SET CHARACTER_SET_RESULTS=@OLD_CHARACTER_SET_RESULTS */;
/*!40101 SET COLLATION_CONNECTION=@OLD_COLLATION_CONNECTION */;
/*!40111 SET SQL_NOTES=@OLD_SQL_NOTES */;

-- Dump completed on 2016-05-15 19:34:16
